<SearchConfigurationSettings xmlns:i="http://www.w3.org/2001/XMLSchema-instance" xmlns="http://schemas.datacontract.org/2004/07/Microsoft.Office.Server.Search.Portability"><SearchQueryConfigurationSettings><SearchQueryConfigurationSettings><BestBets xmlns:d4p1="http://www.microsoft.com/sharepoint/search/KnownTypes/2008/08" /><DefaultSourceId>00000000-0000-0000-0000-000000000000</DefaultSourceId><DefaultSourceIdSet>true</DefaultSourceIdSet><DeployToParent>false</DeployToParent><DisableInheritanceOnImport>false</DisableInheritanceOnImport><QueryRuleGroups xmlns:d4p1="http://www.microsoft.com/sharepoint/search/KnownTypes/2008/08" /><QueryRules xmlns:d4p1="http://www.microsoft.com/sharepoint/search/KnownTypes/2008/08" /><ResultTypes xmlns:d4p1="http://schemas.datacontract.org/2004/07/Microsoft.Office.Server.Search.Administration" /><Sources xmlns:d4p1="http://schemas.datacontract.org/2004/07/Microsoft.Office.Server.Search.Administration.Query"><d4p1:Source><d4p1:Active>true</d4p1:Active><d4p1:AuthInfo xmlns:d6p1="http://schemas.datacontract.org/2004/07/Microsoft.Office.Server.Search.Administration" i:nil="true" /><d4p1:BuiltIn>false</d4p1:BuiltIn><d4p1:ConnectionTimeout>15000</d4p1:ConnectionTimeout><d4p1:ConnectionUrlTemplate /><d4p1:CreatedDate>2018-01-26T17:43:34.477</d4p1:CreatedDate><d4p1:Description /><d4p1:HasPermissionToReadAuthInfo>true</d4p1:HasPermissionToReadAuthInfo><d4p1:Id>b8d34325-19e9-4605-a1f8-6986e5974463</d4p1:Id><d4p1:IndexOffset>0</d4p1:IndexOffset><d4p1:LastModifiedDate>2018-01-26T17:43:34.477</d4p1:LastModifiedDate><d4p1:MaximumResponseLength>64</d4p1:MaximumResponseLength><d4p1:Name>Home - Job Positions</d4p1:Name><d4p1:Owner xmlns:d6p1="http://schemas.datacontract.org/2004/07/Microsoft.Office.Server.Search.Administration"><d6p1:DatabaseId>00000000-0000-0000-0000-000000000000</d6p1:DatabaseId><d6p1:DisableInheritance>false</d6p1:DisableInheritance><d6p1:SPFarmId>baa1b08f-cbca-4af8-95fe-67ba9526f9b6</d6p1:SPFarmId><d6p1:SPSiteId>3ddc3bdc-68a4-4f67-bd6a-eced09f044ea</d6p1:SPSiteId><d6p1:SPSiteSubscriptionId>0c37852b-34d0-418e-91c6-2ac25af4be5b</d6p1:SPSiteSubscriptionId><d6p1:SPWebId>00000000-0000-0000-0000-000000000000</d6p1:SPWebId></d4p1:Owner><d4p1:ProviderId>fa947043-6046-4f97-9714-40d4c113963d</d4p1:ProviderId><d4p1:QueryTransform xmlns:d6p1="http://www.microsoft.com/sharepoint/search/KnownTypes/2008/08"><d6p1:Id>0fbb662a-d5ad-4f57-a397-41c702a5ba54</d6p1:Id><d6p1:IsSystem>false</d6p1:IsSystem><d6p1:OverridePropertiesForSeralization xmlns:d7p1="http://schemas.microsoft.com/2003/10/Serialization/Arrays" /><d6p1:OwnerId>2e45a57f-818f-43f7-a3f7-d671b0fa4818</d6p1:OwnerId><d6p1:ParentId>b8d34325-19e9-4605-a1f8-6986e5974463</d6p1:ParentId><d6p1:ParentType>Source</d6p1:ParentType><d6p1:QueryPropertyExpressions><d6p1:MaxSize>2147483647</d6p1:MaxSize><d6p1:OrderedItems /></d6p1:QueryPropertyExpressions><d6p1:_IsReadOnly>true</d6p1:_IsReadOnly><d6p1:_QueryTemplate>(ContentTypeId:0x0100AE5B5334E4CEC54494659808529B5D44* contentclass:"STS_ListItem" Path:{Site.URL})</d6p1:_QueryTemplate><d6p1:_SourceId i:nil="true" /></d4p1:QueryTransform></d4p1:Source></Sources><UserSegments xmlns:d4p1="http://www.microsoft.com/sharepoint/search/KnownTypes/2008/08" /></SearchQueryConfigurationSettings></SearchQueryConfigurationSettings><SearchRankingModelConfigurationSettings><RankingModels xmlns:d3p1="http://schemas.microsoft.com/2003/10/Serialization/Arrays" /></SearchRankingModelConfigurationSettings><SearchSchemaConfigurationSettings><Aliases xmlns:d3p1="http://schemas.datacontract.org/2004/07/Microsoft.Office.Server.Search.Administration"><d3p1:LastItemName i:nil="true" /><d3p1:dictionary xmlns:d4p1="http://schemas.microsoft.com/2003/10/Serialization/Arrays" /></Aliases><CategoriesAndCrawledProperties xmlns:d3p1="http://schemas.microsoft.com/2003/10/Serialization/Arrays" /><CrawledProperties xmlns:d3p1="http://schemas.datacontract.org/2004/07/Microsoft.Office.Server.Search.Administration" i:nil="true" /><ManagedProperties xmlns:d3p1="http://schemas.datacontract.org/2004/07/Microsoft.Office.Server.Search.Administration"><d3p1:LastItemName i:nil="true" /><d3p1:dictionary xmlns:d4p1="http://schemas.microsoft.com/2003/10/Serialization/Arrays" /><d3p1:TotalCount>0</d3p1:TotalCount></ManagedProperties><Mappings xmlns:d3p1="http://schemas.datacontract.org/2004/07/Microsoft.Office.Server.Search.Administration"><d3p1:LastItemName i:nil="true" /><d3p1:dictionary xmlns:d4p1="http://schemas.microsoft.com/2003/10/Serialization/Arrays" /></Mappings><Overrides xmlns:d3p1="http://schemas.datacontract.org/2004/07/Microsoft.Office.Server.Search.Administration"><d3p1:LastItemName i:nil="true" /><d3p1:dictionary xmlns:d4p1="http://schemas.microsoft.com/2003/10/Serialization/Arrays" /></Overrides></SearchSchemaConfigurationSettings></SearchConfigurationSettings>
