{
    "LCID": "1033",
    "languageLabel": "EN",
    "EN": "English",
    "FR": "French",
    "AR": "Arabic",
    "pagesLibraryName": "Pages",
    "siteMapLocalStorageKey": "siteMapNodesEN",
    "headerLinksLocalStorageKey": "headerLinksNodesEN",
    "footerLinksLocalStorageKey": "footerLinksNodesEN",
    "footerCopyrightText": "© 2018 MOPH All rights reserved.",
    "translateButtonLabel": "Create a translation for '%s'",
    "existingTranslations": "One or more translations already exist for this page and for the selected language '%s':",
    "successTranslationCreation": "Your '%s' translation has been created successfully",
    "breadcrumbErrorMessage": "Warning: this page is not mapped to a taxonomy navigation term.",
    "selectLanguageMessage": "Select a language:",
    "selectPageNameMessage": "Page name (file URL)",
    "invalidFilenameMessage": "The file name is invalid. You can't use special characters \" # % * : < > ? \\ / | or use the same name of the current page.",
    "emptyFilenameMessage": "The filename cannot be empty",
    "translationComponentTitle": "Translate this page",
    "noTranslationMessage": "This page doesn't have a translation for this language",
    "breadcrumbHomeLabel": "Home",
    "allNewsLabel": "View all",
    "allEventsLabel": "View all",
    "allLabel": "View all",
    "readArticle": "Read article",
    "featuredPost": "Featured Post",
    "allDocumentsLabel": "See all '%s' documents",
    "seeJobDescription": "See the job description",
    "postedDate": "Posted Date",
    "closingDate": "Closing Date",
    "icsButtonLabel": "Add to Outlook",
    "allNewsQueryRuleToken": "News",
    "searchPlaceholderLabel": "Search in",
    "intranetSearchCategory": "Intranet",
    "documentsSearchCategory": "Documents",
    "peopleSearchCategory": "Directory",
    "readMore": "Read more",
    "utilityNavigation": "Utility Navigation",
    "welcomeMessage": "Welcome back %s</br>What would you like to do today? ",
    "postedBy": "by",
    "publishedOn": "Published on",
    "categories": "Categories",
    "careers": "Careers",
    "events": "Events",
    "posts": "Posts",
    "filterBy": "Filter by",
    "from": "From",
    "to": "to",
    "addFilters": "Add filters",
    "hideFilters": "Hide filters",
    "applyFilter": "Apply filter",
    "removeAllFilters": "Remove all filters",
    "clearFilter": "Clear filter",
    "availableFilters": "Available filters",
    "selectedFilter": "Selected filter",
    "newNotifications": "New notifications",
    "searchTipsDlgTitle": "Search Tips",
    "rf_FileTypeRefinerTitle": "File Type",
    "rf_LastModifiedTimeRefinerTitle": "Last Modified Time",
    "rf_CategoryRefinerTitle": "Category",
    "rf_ContentTypeRefinerTitle": "Content Type",
    "rf_PublishingDateRefinerTitle": "Publishing Date",
    "rf_AuthorRefinerTitle": "Author",
    "rf_KeywordsRefinerTitle": "Keywords",
    "rf_ResultTypeRefinerTitle": "Result Type",
    "rf_EmptyRefinement": "No filter available",
    "rf_JobTitleRefinerTitle": "Job Title",
    "rf_DepartmentRefinerTitle": "Department",
    "rs_NoResultsTitle": "Nothing here matches your search",
    "rs_countDisplayString": "Showing of {0} results",
    "rs_submittedKeywords": " for '{0}'",
    "rs_SingleResultCount": "{0} result",
    "rs_ResultCount": "{0} results",
    "hp_Tooltip_ViewLibrary": "View in library",
    "hp_Tooltip_Download": "Download",
    "datepicker": {
        "closeText": "Done",
        "prevText": "Prev",
        "nextText": "Next",
        "currentText": "Today",
        "monthNames": [
            "January",
            "February",
            "March",
            "April",
            "May",
            "June",
            "July",
            "August",
            "September",
            "October",
            "November",
            "December"
        ],
        "monthNamesShort": [
            "Jan",
            "Feb",
            "Mar",
            "Apr",
            "May",
            "Jun",
            "Jul",
            "Aug",
            "Sep",
            "Oct",
            "Nov",
            "Dec"
        ],
        "dayNames": [ "Sunday", "Monday", "Tuesday", "Wednesday", "Thursday", "Friday", "Saturday" ],
        "dayNamesShort": [ "Sun", "Mon", "Tue", "Wed", "Thu", "Fri", "Sat" ],
        "dayNamesMin": [ "Su", "Mo", "Tu", "We", "Th", "Fr", "Sa" ],
        "weekHeader": "Wk",
        "dateFormat": "dd/mm/yy",
        "firstDay": 1,
        "isRTL": false,
        "showMonthAfterYear": false,
        "yearSuffix": ""
    },
    "longDateFormat": {
        "L": "MM/DD/YYYY",
        "LL": "MMMM D, YYYY",
        "LLL": "MMMM D, YYYY, H:mm",
        "LLLL": "dddd, MMMM D, YYYY H:mm",
        "LT": "H:mm",
        "LTS": "H:mm:ss"
    },
    "up_departmentProperty": "Department",
    "up_officeNumberProperty": "Office",
    "up_roomProperty": "Room",
    "up_workPhoneProperty": "Phone",
    "up_emailProperty": "Email",
    "searchDlgHtmlBody": "<h2>What you want<\/h2> <blockquote style=\"text-align: center;\"> <em>\"I'm looking for the new HR benefits overview. It's a <span style=\"background-color: #FFA33B\">PDF file<\/span> posted by a woman in <span style=\"background-color: #3Bff83\">human resources<\/span> with the last name of <span style=\"background-color: #FF3B76\">\"Matthew\" or \"Matthews\"<\/span> - I can't remember which - that features the words <span style=\"background-color: #3BC7FF\">\"benefits and \"insurance\"<\/span> a lot. Oh, and I want the current version, so <span style=\"background-color: #FFE53B\">don't give me the 2015 copy.<\/span>\" <\/em> <\/blockquote> <h2>How to search this?<\/h2> <blockquote style=\"font-weight: 700;font-size: 16px;text-align: center;\"> <span style=\"background-color: #3Bff83\">\"human resources\"<\/span> <span style=\"background-color: #3BC7FF\">benefits OR insurance<\/span> <span style=\"background-color: #FFE53B\">-2015<\/span> <span style=\"background-color: #FFA33B\">filetype:pdf<\/span> <span style=\"background-color: #FF3B76\">author:matt*<\/span> <\/blockquote> <ul style=\"line-height: 1.5\"> <li><span style=\"background-color: #3Bff83\">&nbsp;&nbsp;&nbsp;<\/span> Use quotation marks to find files with the exact phrase \"human resources\", not the separate words.<\/li><li><span style=\"background-color: #FFE53B\" >&nbsp;&nbsp;&nbsp;<\/span> Use <strong>-<\/strong> to exclude any results that contain \"2015\".<\/li><li><span style=\"background-color: #FF3B76\" >&nbsp;&nbsp;&nbsp;<\/span> Returns only files that were created or modified by anyone whose first or last name begins with \"matt\".<\/li><li><span style=\"background-color: #3BC7FF\" >&nbsp;&nbsp;&nbsp;<\/span> Use \"OR\" to find results that include \"benefits\", \"insurance\" or both.<\/li><li><span style=\"background-color: #FFA33B\" >&nbsp;&nbsp;&nbsp;<\/span> Return only PDF documents in my results.<\/li><\/ul> <h2>What SharePoint searches?<\/h2> <p> SharePoint search engine will look at the current site and its content including pages, news, documents. It will also search for people. It searches full text of documents and their metadata. Metadata includes file name, title, author, and any keywords or category systems you've put in place. Search results only display the content you have access to. Searches are not case-sensitive. SharePoint only returns results that are indexed. Generally, most, if' not all SharePoint content is indexed, but if you're not seeing certain results at all, indexing could be the problem. In that case, ask the IT departement for guidance. <\/p><h2>Operators<\/h2> <ul class=\"columns\"> <li> <div class=\"category\"><strong>AND<\/strong><\/div>Limits your search by finding results that include both terms. Searching <em>humans<\/em> AND <em>resources<\/em> returns any results that contains both words. A space between words is assumed to be an AND so <em>human AND resources<\/em> is equivalent to <em>human resources<\/em> <\/li><li> <div class=\"category\"><strong>OR<\/strong><\/div>Broadens your search by finding results that include either terms. Searching <em>\"human\" OR \"resources\"<\/em> returns any results that contain eihter word. <\/li><li> <div class=\"category\"><strong>NOT, -<\/strong><\/div>Limits your search by excluding results that include the specified term. Searching <em>NOT insurance<\/em> returns only results that do not contain the word <em>\"insurance\"<\/em>. Use a preceding dash to get the same result Searching <em>-insurance<\/em> is equivalent to <em>NOT insurance<\/em>. <\/li><li> <div class=\"category\"><strong>*<\/strong><\/div>The wildcard broadens your search by returning results than include variations on the term. Searching <em>edu*<\/em> returns results that include <em>educate<\/em> <em>educational<\/em>, <em>education<\/em>, etc. You can only end a word with a wildcard and you can't use it at the beginning of a word. <\/li><li> <div class=\"category\"><strong>\"\"<\/strong><\/div>Quotes limit your search by returning results that include the exact phrase. Search <em>\"human resource\"<\/em> returns results that contain the exact phrase in that order. <\/li><\/ul> You can include multiple operators in a search. For example, this is a completely acceptable search: <blockquote style=\"font-weight: 700;font-size: 16px;text-align: center;\"> \"finance report\" budget 2016 OR 2015 doc* -2014 -2013 <\/blockquote> <h2>Properties<\/h2> <p> Search by property to filter by metadata associated with the files you're looking for. Using the same property two or more times in one search acts as an OR. <\/p><div class=\"properties\"> <ul class=\"columns\"> <li> <div class=\"category\"><strong>Common properties<\/strong><\/div><ul style=\"list-style-type: none\"> <li>title<\/li><li>filetype<\/li><li>author<\/li><\/ul> <\/li><li> <div class=\"category\"><strong>Common operators<\/strong><\/div><ul style=\"list-style-type: none\"> <li><strong>:<\/strong> - equals<\/li><li><strong><><\/strong> - does not equal<\/li><li><strong><<\/strong> - less than<\/li><li><strong><=<\/strong> - less than or equal to<\/li><li><strong>><\/strong> - greater than<\/li><li><strong>>=<\/strong> - greater than or equal to<\/li><\/ul> <\/li><\/ul> <\/div>You can include multiple property searches. For example, this is a completely acceptable search: <blockquote style=\"font-weight: 700;font-size: 16px;text-align: center;\"> finance report filetype:docx filetype:pdf author<>\"John Smith\" <\/blockquote> This will return any PDF or docx files not authored by \"John Smith\" that contain the terms \"finance\" and \"report\".",
    "comments_like": "Like",
    "comments_unlike": "Unlike",
    "comments_reply": "Reply",
    "comments_edit": "Edit",
    "comments_delete": "Delete",
    "comments_new_placeholder": "Comment this page...",
    "comments_reply_placeholder": "Reply to this comment...",
    "comments_update_placeholder": "Update this comment...",
    "comments_post": "Post",
    "comments_update": "Update",
    "comments_cancel": "Cancel",
    "comments_postedOn": "Posted on",
    "comments_loading": "We're getting comments for this page...",
    "comments_edited": "Edited",
    "comments_lastUpdate": "Last update on",
    "comments_commentsLabel": "comment(s)",
    "comments_empty": "You can't post an empty comment.",
    "comments_delete_hierarchy": "This comment has some sub comments. They will be also deleted. Are you sure?",
    "comments_delete_single": "Are you sure to want to delete this comment?",

    "UsefulLinks": "Useful <span>Links</span>",
    "RiskFactorHeader": "CHECK <span>YOUR DIABETES RISK FACTORS NOW</span>",
    "Type1SymptomsHeader": "RECOGNIZE <span>THE SYMPTOMS OF TYPE 1 DIABETES NOW</span>",
    "Type2SymptomsHeader": "RECOGNIZE <span>THE SYMPTOMS OF TYPE 2 DIABETES NOW</span>",
    "GestationalSymptomsHeader": "RECOGNIZE THE SYMPTOMS <span>OF GESTATIONAL DIABETES NOW</span>",
    "AskTheDoctorHeader": "Ask <span>The Doctor</span>"
}