<SiteImageRenditions xmlns="http://schemas.datacontract.org/2004/07/Microsoft.SharePoint.Publishing" xmlns:i="http://www.w3.org/2001/XMLSchema-instance"><NextId>7</NextId><Renditions><ImageRendition><Group i:nil="true"/><Height>480</Height><Id>5</Id><Name>Intranet News Image</Name><Version>1</Version><Width>850</Width></ImageRendition><ImageRendition><Group i:nil="true"/><Height>100</Height><Id>6</Id><Name>Intranet News Thumbnail</Name><Version>1</Version><Width>100</Width></ImageRendition></Renditions></SiteImageRenditions>